<?xml version="1.0" encoding="UTF-8"?>
<CustomField xmlns="http://soap.sforce.com/2006/04/metadata">
    <fullName>Status__c</fullName>
    <externalId>false</externalId>
    <label>Status</label>
    <required>false</required>
    <trackTrending>false</trackTrending>
    <type>Picklist</type>
    <valueSet>
        <restricted>true</restricted>
        <valueSetDefinition>
            <sorted>false</sorted>
            <value>
                <fullName>Available</fullName>
                <default>true</default>
                <label>Available</label>
            </value>
            <value>
                <fullName>Rented</fullName>
                <default>false</default>
                <label>Rented</label>
            </value>
            <value>
                <fullName>Missing</fullName>
                <default>false</default>
                <label>Missing</label>
            </value>
        </valueSetDefinition>
    </valueSet>
</CustomField>
