<?xml version="1.0" encoding="UTF-8"?>
<CustomField xmlns="http://soap.sforce.com/2006/04/metadata">
    <fullName>Title__c</fullName>
    <externalId>false</externalId>
    <label>Title</label>
    <referenceTo>Title__c</referenceTo>
    <relationshipLabel>Stocks</relationshipLabel>
    <relationshipName>Stocks</relationshipName>
    <relationshipOrder>0</relationshipOrder>
    <reparentableMasterDetail>false</reparentableMasterDetail>
    <trackTrending>false</trackTrending>
    <type>MasterDetail</type>
    <writeRequiresMasterRead>false</writeRequiresMasterRead>
</CustomField>
