<?xml version="1.0" encoding="UTF-8"?>
<WebLink xmlns="http://soap.sforce.com/2006/04/metadata">
    <fullName>Nav_to_Title</fullName>
    <availability>online</availability>
    <displayType>button</displayType>
    <linkType>javascript</linkType>
    <masterLabel>Nav to Title</masterLabel>
    <openType>onClickJavaScript</openType>
    <protected>false</protected>
    <url>debugger;

var titleId = &apos;{!Stock__c.TitleId__c}&apos;; 
document.location = &apos;https://mmatonis-dev-ed.my.salesforce.com/&apos; + titleId;</url>
</WebLink>
