<?xml version="1.0" encoding="UTF-8"?>
<SecuritySettings xmlns="http://soap.sforce.com/2006/04/metadata">
    <networkAccess/>
    <passwordPolicies>
        <complexity>AlphaNumeric</complexity>
        <expiration>NinetyDays</expiration>
        <historyRestriction>3</historyRestriction>
        <lockoutInterval>FifteenMinutes</lockoutInterval>
        <maxLoginAttempts>TenAttempts</maxLoginAttempts>
        <minimumPasswordLength>8</minimumPasswordLength>
        <minimumPasswordLifetime>false</minimumPasswordLifetime>
        <obscureSecretAnswer>false</obscureSecretAnswer>
        <questionRestriction>DoesNotContainPassword</questionRestriction>
    </passwordPolicies>
    <sessionSettings>
        <disableTimeoutWarning>false</disableTimeoutWarning>
        <enableCSPOnEmail>true</enableCSPOnEmail>
        <enableCSRFOnGet>true</enableCSRFOnGet>
        <enableCSRFOnPost>true</enableCSRFOnPost>
        <enableCacheAndAutocomplete>true</enableCacheAndAutocomplete>
        <enableClickjackNonsetupSFDC>true</enableClickjackNonsetupSFDC>
        <enableClickjackNonsetupUser>false</enableClickjackNonsetupUser>
        <enableClickjackNonsetupUserHeaderless>false</enableClickjackNonsetupUserHeaderless>
        <enableClickjackSetup>true</enableClickjackSetup>
        <enableContentSniffingProtection>true</enableContentSniffingProtection>
        <enablePostForSessions>false</enablePostForSessions>
        <enableSMSIdentity>true</enableSMSIdentity>
        <enableUpgradeInsecureRequests>true</enableUpgradeInsecureRequests>
        <enableXssProtection>true</enableXssProtection>
        <enforceIpRangesEveryRequest>false</enforceIpRangesEveryRequest>
        <forceLogoutOnSessionTimeout>true</forceLogoutOnSessionTimeout>
        <forceRelogin>true</forceRelogin>
        <hstsOnForcecomSites>true</hstsOnForcecomSites>
        <identityConfirmationOnEmailChange>false</identityConfirmationOnEmailChange>
        <identityConfirmationOnTwoFactorRegistrationEnabled>true</identityConfirmationOnTwoFactorRegistrationEnabled>
        <lockSessionsToDomain>true</lockSessionsToDomain>
        <lockSessionsToIp>false</lockSessionsToIp>
        <lockerServiceCSP>true</lockerServiceCSP>
        <redirectionWarning>true</redirectionWarning>
        <referrerPolicy>true</referrerPolicy>
        <requireHttpOnly>false</requireHttpOnly>
        <requireHttps>true</requireHttps>
        <securityCentralKillSession>true</securityCentralKillSession>
        <sessionTimeout>TwoHours</sessionTimeout>
    </sessionSettings>
</SecuritySettings>
