<?xml version="1.0" encoding="UTF-8"?>
<CustomField xmlns="http://soap.sforce.com/2006/04/metadata">
    <fullName>AvailableStock__c</fullName>
    <externalId>false</externalId>
    <label>Available Stock</label>
    <summaryFilterItems>
        <field>Stock__c.Status__c</field>
        <operation>equals</operation>
        <value>Available</value>
    </summaryFilterItems>
    <summaryForeignKey>Stock__c.Title__c</summaryForeignKey>
    <summaryOperation>count</summaryOperation>
    <trackTrending>false</trackTrending>
    <type>Summary</type>
</CustomField>
